{
  "config": {
    "n_gadgets": 450,
    "n_classes": 2,
    "m_decoys": 4,
    "n_seeds": 10,
    "hidden": 64,
    "n_layers": 1,
    "dropout": 0.3,
    "lr": 0.01,
    "weight_decay": 0.0005,
    "max_epochs": 200,
    "patience": 30
  },
  "results": {
    "MLP": {
      "acc_mean": 0.5415929108858109,
      "acc_std": 0.021238937973976135,
      "acc_per_seed": [
        0.5486725568771362,
        0.5486725568771362,
        0.5486725568771362,
        0.47787609696388245,
        0.5486725568771362,
        0.5486725568771362,
        0.5486725568771362,
        0.5486725568771362,
        0.5486725568771362,
        0.5486725568771362
      ]
    },
    "Clique-GCN": {
      "acc_mean": 0.6345132708549499,
      "acc_std": 0.038380962657474385,
      "acc_per_seed": [
        0.6460176706314087,
        0.6902654767036438,
        0.6283186078071594,
        0.6548672318458557,
        0.6637167930603027,
        0.5575221180915833,
        0.5840708017349243,
        0.6725663542747498,
        0.6194690465927124,
        0.6283186078071594
      ]
    },
    "Clique-GIN": {
      "acc_mean": 0.6327433586120605,
      "acc_std": 0.03500891239455419,
      "acc_per_seed": [
        0.6460176706314087,
        0.6902654767036438,
        0.6283186078071594,
        0.6548672318458557,
        0.6637167930603027,
        0.5575221180915833,
        0.6106194853782654,
        0.6460176706314087,
        0.6017699241638184,
        0.6283186078071594
      ]
    },
    "AllDeepSets": {
      "acc_mean": 0.5486725568771362,
      "acc_std": 0.0,
      "acc_per_seed": [
        0.5486725568771362,
        0.5486725568771362,
        0.5486725568771362,
        0.5486725568771362,
        0.5486725568771362,
        0.5486725568771362,
        0.5486725568771362,
        0.5486725568771362,
        0.5486725568771362,
        0.5486725568771362
      ]
    },
    "EO-A: uniform EO baseline": {
      "acc_mean": 0.6247787535190582,
      "acc_std": 0.038614904395909436,
      "acc_per_seed": [
        0.6460176706314087,
        0.6283186078071594,
        0.6283186078071594,
        0.6548672318458557,
        0.6460176706314087,
        0.5575221180915833,
        0.5486725568771362,
        0.6460176706314087,
        0.6194690465927124,
        0.6725663542747498
      ]
    },
    "EO-B: P^EE only": {
      "acc_mean": 0.6814159214496612,
      "acc_std": 0.032394698362045116,
      "acc_per_seed": [
        0.6991150379180908,
        0.6637167930603027,
        0.6814159154891968,
        0.6725663542747498,
        0.7256637215614319,
        0.6017699241638184,
        0.6814159154891968,
        0.7079645991325378,
        0.6725663542747498,
        0.7079645991325378
      ]
    },
    "EO-C: chi only": {
      "acc_mean": 0.6424778699874878,
      "acc_std": 0.046017692639279635,
      "acc_per_seed": [
        0.5486725568771362,
        0.6991150379180908,
        0.6548672318458557,
        0.6725663542747498,
        0.6637167930603027,
        0.5929203629493713,
        0.6194690465927124,
        0.6991150379180908,
        0.6106194853782654,
        0.6637167930603027
      ]
    },
    "EO-D: EO-Pattern (full)": {
      "acc_mean": 0.7946902632713317,
      "acc_std": 0.030347648510976086,
      "acc_per_seed": [
        0.769911527633667,
        0.8141592741012573,
        0.8230088353157043,
        0.8053097128868103,
        0.7876105904579163,
        0.778761088848114,
        0.7345132827758789,
        0.8318583965301514,
        0.769911527633667,
        0.8318583965301514
      ]
    },
    "EO-E: shuffled chi": {
      "acc_mean": 0.6858407020568847,
      "acc_std": 0.03523191063165031,
      "acc_per_seed": [
        0.6991150379180908,
        0.6725663542747498,
        0.6725663542747498,
        0.6725663542747498,
        0.7168141603469849,
        0.6017699241638184,
        0.6814159154891968,
        0.6991150379180908,
        0.6991150379180908,
        0.7433628439903259
      ]
    }
  }
}